season,location,year,month,finishers
7,amsterdam,2024,,7150
7,anaheim,2024,,2012
7,beijing,2024,,753
7,birmingham,2024,,9036
7,brisbane,2024,,2572
7,cape-town,2024,,891
7,chicago-navy-pier,2024,,2881
7,ciudad-de-mexico,2024,,2909
7,dallas,2024,,3237
7,dublin,2024,,5791
7,frankfurt,2024,,5198
7,hamburg,2024,,4217
7,hong-kong,2024,,2989
7,incheon,2024,,1019
7,london,2024,,9073
7,madrid,2024,,3693
7,manchester,2024,,3473
7,marseille,2024,,4782
7,melbourne,2024,,9227
7,milan,2024,,4536
7,nice,2024,,2043
7,paris,2024,,5013
7,perth,2024,,1478
7,poznan,2024,,2104
7,singapore,2024,,2778
7,singapore-national-stadium,2024,,3058
7,stockholm,2024,,4116
7,stuttgart,2024,,2483
7,sydney,2024,,2732
7,toronto,2024,,3616
7,atlanta,2025,,4246
7,auckland,2025,,3317
7,bangkok,2025,,4613
7,barcelona,2025,,6682
7,belgium,2025,,5207
7,berlin,2025,,10410
7,bilbao,2025,,3666
7,brisbane,2025,,5486
7,cardiff,2025,,6168
7,cologne,2025,,6280
7,copenhagen,2025,,4534
7,glasgow,2025,,11067
7,guadalajara,2025,,1621
7,heerenveen,2025,,5218
7,houston,2025,,4606
7,incheon,2025,,1911
7,johannesburg,2025,,2185
7,johannesburg-i,2025,,2273
7,karlsruhe,2025,,4105
7,katowice,2025,,2098
7,las-vegas,2025,,4573
7,london,2025,,7180
7,maastricht,2025,,4702
7,malaga,2025,,5902
7,manchester,2025,,4446
7,miami-beach,2025,,3573
7,monterrey,2025,,2522
7,mumbai,2025,,955
7,new-york,2025,,7921
7,paris,2025,,7495
7,riga,2025,,1684
7,rimini,2025,,5920
7,rotterdam,2025,,7885
7,shanghai,2025,,1413
7,sharjah,2025,,1898
7,taipei,2025,,2020
7,toulouse,2025,,5667
7,valencia,2025,,2838
7,vienna,2025,,3929
7,warsaw,2025,,4261
8,acapulco,2025,,3114
8,anaheim,2025,,7514
8,atlanta,2025,,3404
8,beijing,2025,,2063
8,birmingham,2025,,14296
8,bordeaux,2025,,10179
8,boston,2025,,6910
8,cape-town,2025,,3314
8,chicago,2025,,7351
8,dallas,2025,,9162
8,delhi,2025,,1530
8,dublin,2025,,9216
8,frankfurt,2025,,7906
8,gdansk,2025,,2231
8,geneva,2025,,4748
8,gent,2025,,6276
8,hamburg,2025,,7280
8,hong-kong,2025,,4139
8,johannesburg,2025,,3123
8,london-excel,2025,,21410
8,maastricht,2025,,7005
8,madrid,2025,,10422
8,melbourne,2025,,12644
8,mexico-city,2025,,7486
8,mumbai,2025,,1991
8,oslo,2025,,5062
8,paris,2025,,11453
8,perth,2025,,4101
8,poznan,2025,,4156
8,rio-de-janeiro,2025,,1604
8,rome,2025,,6953
8,sao-paulo,2025,,1141
8,seoul,2025,,3067
8,shanghai,2025,,3038
8,shenzhen,2025,,3287
8,singapore-expo,2025,,4215
8,stockholm,2025,,7486
8,stuttgart,2025,,5643
8,sydney,2025,,10040
8,toronto,2025,,6762
8,utrecht,2025,,7229
8,valencia,2025,,5361
8,vancouver,2025,,4891
8,verona,2025,,6509
8,yokohama,2025,,2254
8,amsterdam,2026,,11550
8,apac-championship-brisbane,2026,,2008
8,auckland,2026,,5848
8,bangkok,2026,,9392
8,barcelona,2026,,10702
8,beijing,2026,,3556
8,bengaluru,2026,,4313
8,berlin,2026,,17117
8,bilbao,2026,,4972
8,bologna,2026,,6221
8,brisbane,2026,,7660
8,buenos-aires,2026,,1992
8,cancun,2026,,4704
8,cape-town,2026,,3743
8,cardiff,2026,,13107
8,cologne,2026,,7659
8,copenhagen,2026,,6574
8,emea-london-olympia,2026,,2563
8,fortaleza,2026,,990
8,glasgow,2026,,11724
8,guadalajara,2026,,3750
8,heerenveen,2026,,8427
8,helsinki,2026,,4282
8,hong-kong,2026,,8534
8,houston,2026,,10979
8,incheon,2026,,7459
8,istanbul,2026,,2162
8,johannesburg,2026,,4089
8,katowice,2026,,2863
8,las-vegas,2026,,9805
8,lisboa,2026,,5561
8,london-olympia,2026,,12207
8,lyon,2026,,15626
8,malaga,2026,,8799
8,manchester,2026,,9889
8,mechelen,2026,,8844
8,miami,2026,,8333
8,monterrey,2026,,5536
8,new-york,2026,,24954
8,nice,2026,,8814
8,osaka,2026,,4533
8,ottawa,2026,,6858
8,paris-gp,2026,,11873
8,phoenix,2026,,6233
8,puebla,2026,,5538
8,red-bull-monday-night-shift-hyrox-invitational,2026,,244
8,riga,2026,,3084
8,rimini,2026,,9923
8,rotterdam,2026,,12100
8,sao-paulo,2026,,2251
8,shanghai,2026,,4662
8,singapore,2026,,6124
8,st-gallen,2026,,9738
8,stockholm,2026,,3232
8,taipei,2026,,3904
8,toulouse,2026,,10421
8,turin,2026,,7251
8,vienna,2026,,6014
8,warsaw,2026,,7991
8,washington-dc,2026,,4538
8,wuhan,2026,,1759
9,acapulco,2026,,6113
9,athens,2026,,2232
9,bangkok,2026,,11644
9,beijing,2026,,6189
9,bordeaux,2026,,1
9,cape-town,2026,,4424
9,chengdu,2026,,4056
9,chiba,2026,,5854
9,delhi,2026,,5952
9,hangzhou,2026,,3428
9,istanbul,2026,,2926
9,izmir,2026,,855
9,jakarta,2026,,6057
9,maastricht,2026,,8621
9,mumbai,2026,,7979
9,oslo,2026,,5951
9,perth,2026,,5961
9,rome,2026,,11217
9,salt-lake-city,2026,,7661
9,shenzhen,2026,,6201
9,sydney,2026,,15450
9,tenerife,2026,,4041
9,washington-dc,2026,,14726
