season,location,year,month
7,manchester,2024,
7,madrid,2024,
7,london,2024,
7,melbourne,2024,
7,marseille,2024,
7,frankfurt,2024,
7,hamburg,2024,
7,dublin,2024,
7,hong-kong,2024,
7,incheon,2024,
7,stockholm,2024,
7,singapore-national-stadium,2024,
7,singapore,2024,
7,poznan,2024,
7,toronto,2024,
7,stuttgart,2024,
7,sydney,2024,
7,milan,2024,
7,perth,2024,
7,nice,2024,
7,paris,2024,
7,amsterdam,2024,
7,birmingham,2024,
7,dallas,2024,
7,anaheim,2024,
7,chicago-navy-pier,2024,
7,cape-town,2024,
7,ciudad-de-mexico,2024,
7,brisbane,2024,
7,beijing,2024,
7,berlin,2025,
7,riga,2025,
7,paris,2025,
7,barcelona,2025,
7,new-york,2025,
7,rimini,2025,
7,auckland,2025,
7,vienna,2025,
7,bangkok,2025,
7,toulouse,2025,
7,taipei,2025,
7,warsaw,2025,
7,shanghai,2025,
7,rotterdam,2025,
7,sharjah,2025,
7,johannesburg,2025,
7,houston,2025,
7,johannesburg-i,2025,
7,incheon,2025,
7,guadalajara,2025,
7,copenhagen,2025,
7,las-vegas,2025,
7,karlsruhe,2025,
7,glasgow,2025,
7,heerenveen,2025,
7,bilbao,2025,
7,miami-beach,2025,
7,manchester,2025,
7,mumbai,2025,
7,monterrey,2025,
7,london,2025,
7,brisbane,2025,
7,malaga,2025,
8,mexico-city,2025,
8,maastricht,2025,
8,london-excel,2025,
8,oslo,2025,
8,melbourne,2025,
8,paris,2025,
8,mumbai,2025,
8,johannesburg,2025,
8,hamburg,2025,
8,geneva,2025,
8,gent,2025,
8,frankfurt,2025,
8,madrid,2025,
8,sydney,2025,
8,toronto,2025,
8,valencia,2025,
8,stuttgart,2025,
8,stockholm,2025,
8,vancouver,2025,
8,verona,2025,
8,utrecht,2025,
8,poznan,2025,
8,rio-de-janeiro,2025,
8,perth,2025,
8,seoul,2025,
8,sao-paulo,2025,
8,singapore-expo,2025,
8,shenzhen,2025,
8,rome,2025,
8,shanghai,2025,
8,chicago,2025,
8,dallas,2025,
8,cape-town,2025,
8,beijing,2025,
8,dublin,2025,
8,atlanta,2025,
8,delhi,2025,
8,birmingham,2025,
8,bordeaux,2025,
8,boston,2025,
8,acapulco,2025,
8,anaheim,2025,
8,gdansk,2025,
8,rimini,2026,
8,phoenix,2026,
8,paris-gp,2026,
8,rotterdam,2026,
8,berlin,2026,
8,vienna,2026,
8,toulouse,2026,
8,beijing,2026,
8,ottawa,2026,
8,washington-dc,2026,
8,warsaw,2026,
8,wuhan,2026,
8,puebla,2026,
8,red-bull-monday-night-shift-hyrox-invitational,2026,
8,riga,2026,
8,singapore,2026,
8,barcelona,2026,
8,bangkok,2026,
8,apac-championship-brisbane,2026,
8,turin,2026,
8,amsterdam,2026,
8,stockholm,2026,
8,taipei,2026,
8,auckland,2026,
8,bilbao,2026,
8,bengaluru,2026,
8,shanghai,2026,
8,st-gallen,2026,
8,sao-paulo,2026,
8,cologne,2026,
8,lisboa,2026,
8,katowice,2026,
8,johannesburg,2026,
8,incheon,2026,
8,istanbul,2026,
8,copenhagen,2026,
8,cancun,2026,
8,manchester,2026,
8,brisbane,2026,
8,cape-town,2026,
8,las-vegas,2026,
8,glasgow,2026,
8,guadalajara,2026,
8,houston,2026,
8,fortaleza,2026,
8,emea-london-olympia,2026,
8,hong-kong,2026,
8,heerenveen,2026,
8,helsinki,2026,
8,miami,2026,
8,bologna,2026,
8,new-york,2026,
8,osaka,2026,
8,buenos-aires,2026,
8,monterrey,2026,
8,nice,2026,
8,london-olympia,2026,
8,lyon,2026,
8,malaga,2026,
8,mechelen,2026,
9,rome,2026,
9,salt-lake-city,2026,
9,tenerife,2026,
9,mumbai,2026,
9,oslo,2026,
9,sydney,2026,
9,shenzhen,2026,
9,washington-dc,2026,
9,beijing,2026,
9,bangkok,2026,
9,cape-town,2026,
9,chengdu,2026,
9,hangzhou,2026,
9,acapulco,2026,
9,athens,2026,
9,maastricht,2026,
9,chiba,2026,
9,jakarta,2026,
9,izmir,2026,
9,istanbul,2026,
9,delhi,2026,
