segment,type,athletes_weak_here,closability,pct_who_improved,share_of_improvement,avg_gain_min
Run 1,Run,11685,0.6063388048683543,0.5600349107337671,0.029903519417911976,0.22165948658972884
SkiErg,Station,16313,0.07845871020725623,0.5716889350942718,0.012443443395713554,0.09223687807295598
Run 2,Run,8442,0.72935723320503,0.5536046616097442,0.042737265156430886,0.3167894761962116
Sled Push,Station,19433,0.5759846945737361,0.5047296343357335,0.028651055295752695,0.21237561098933413
Run 3,Run,8294,0.703242327173328,0.570251434292095,0.05196485075786289,0.38518884612626153
Sled Pull,Station,20095,0.6191319505440915,0.5721509889235429,0.07427624756137638,0.5505718129754472
Run 4,Run,7562,0.6158931313162566,0.573177775210812,0.05091546004592754,0.37741024979487825
Burpee Broad Jumps,Station,21960,0.5057290956028475,0.5650276590556134,0.09304811190738296,0.689718037040815
Run 5,Run,9158,0.599814051961751,0.5732034448679938,0.05842144865165437,0.4330483022074373
Row,Station,14344,0.08491864637245514,0.5536046616097442,0.019666143455147757,0.14577505746219585
Run 6,Run,7857,0.5991837207900755,0.5614082373929896,0.052756872150357646,0.39105969539905017
Farmers Carry,Station,22751,0.4672670307150706,0.545120839911183,0.023636719984105804,0.17520690936478112
Run 7,Run,8325,0.5245315479624486,0.5576476326158664,0.052859628205544885,0.39182137345167245
Sandbag Lunges,Station,19311,0.48570836778868953,0.5385365728440696,0.06993995218383875,0.5184290744016502
Run 8,Run,11616,0.7265213950734568,0.567889825831376,0.085556203638974,0.6341843549633082
Wall Balls,Station,23275,0.6322238119985832,0.5897860434073903,0.13850225660155813,1.0266463509118258
Roxzone,Roxzone,13324,0.727084229440226,0.5801085826498787,0.11214797327926829,0.8312955352095143
